{
  "hash": "f7725a5c",
  "browserHash": "ed6109f6",
  "optimized": {
    "@angular/common": {
      "src": "../../../../../node_modules/@angular/common/fesm2022/common.mjs",
      "file": "@angular_common.js",
      "fileHash": "ee1b359e",
      "needsInterop": false
    },
    "@angular/common/http": {
      "src": "../../../../../node_modules/@angular/common/fesm2022/http.mjs",
      "file": "@angular_common_http.js",
      "fileHash": "5ba408fa",
      "needsInterop": false
    },
    "@angular/core": {
      "src": "../../../../../node_modules/@angular/core/fesm2022/core.mjs",
      "file": "@angular_core.js",
      "fileHash": "d2c0661a",
      "needsInterop": false
    },
    "@angular/forms": {
      "src": "../../../../../node_modules/@angular/forms/fesm2022/forms.mjs",
      "file": "@angular_forms.js",
      "fileHash": "1d1a5c83",
      "needsInterop": false
    },
    "@angular/material/icon": {
      "src": "../../../../../node_modules/@angular/material/fesm2022/icon.mjs",
      "file": "@angular_material_icon.js",
      "fileHash": "a3c60455",
      "needsInterop": false
    },
    "@angular/platform-browser": {
      "src": "../../../../../node_modules/@angular/platform-browser/fesm2022/platform-browser.mjs",
      "file": "@angular_platform-browser.js",
      "fileHash": "14eaee6c",
      "needsInterop": false
    },
    "@angular/router": {
      "src": "../../../../../node_modules/@angular/router/fesm2022/router.mjs",
      "file": "@angular_router.js",
      "fileHash": "e7d11e8b",
      "needsInterop": false
    },
    "chart.js": {
      "src": "../../../../../node_modules/chart.js/dist/chart.js",
      "file": "chart__js.js",
      "fileHash": "cc3dea22",
      "needsInterop": false
    },
    "rxjs": {
      "src": "../../../../../node_modules/rxjs/dist/esm5/index.js",
      "file": "rxjs.js",
      "fileHash": "3c9ec9d0",
      "needsInterop": false
    },
    "socket.io-client": {
      "src": "../../../../../node_modules/socket.io-client/build/esm/index.js",
      "file": "socket__io-client.js",
      "fileHash": "cfdd7d4b",
      "needsInterop": false
    }
  },
  "chunks": {
    "chunk-6LQAGODT": {
      "file": "chunk-6LQAGODT.js"
    },
    "chunk-XNEAG2J7": {
      "file": "chunk-XNEAG2J7.js"
    },
    "chunk-Z2UVII43": {
      "file": "chunk-Z2UVII43.js"
    },
    "chunk-NT4JMPWP": {
      "file": "chunk-NT4JMPWP.js"
    },
    "chunk-AFRS2OIU": {
      "file": "chunk-AFRS2OIU.js"
    },
    "chunk-A7YNPLSR": {
      "file": "chunk-A7YNPLSR.js"
    }
  }
}